{
  "_meta": {
    "models": {
      "customers": "Individual direct-to-consumer users who independently use the platform for challan resolution services, distinct from B2B enterprise subscribers.",
      "vehicles": "Motor vehicles registered to customers, each identified by a registration number and associated with traffic violations.",
      "incidents": "Traffic challan cases submitted by customers that require screening, assignment to lawyers, and resolution tracking.",
      "challans": "Individual traffic violation records issued by authorities, linked to specific vehicles and tracked for payment and resolution.",
      "financials": "Consolidated financial summary for each customer showing payment history, pending amounts, refunds, and total spending.",
      "activityLogs": "Chronological record of all interactions, changes, and actions taken on a customer account for audit and tracking purposes."
    },
    "relationships": [
      "Each Customer has zero or more Vehicles registered to them",
      "Each Customer has zero or more Incidents (challan cases) requiring resolution",
      "Each Incident is linked to a specific Vehicle",
      "Each Incident may contain one or more Challans (individual violations)",
      "Each Customer has one Financial summary tracking all monetary transactions",
      "Each Customer has multiple Activity Log entries tracking all account changes"
    ]
  },
  "customers": [
    {
      "id": "cust-001",
      "customerId": "LWD-2024001",
      "name": "Rajesh Kumar",
      "email": "rajesh.kumar@email.com",
      "mobile": "+91 98765 43210",
      "accountCreatedDate": "2024-01-15",
      "lastActivity": "2024-02-08",
      "totalVehicles": 2,
      "totalIncidents": 3,
      "paymentStatus": "paid",
      "vehicleIds": ["veh-001", "veh-002"],
      "incidentIds": ["inc-001", "inc-002", "inc-003"],
      "challanIds": ["ch-001", "ch-002", "ch-003", "ch-004"],
      "financialSummary": {
        "totalSpend": 4500.00,
        "pendingPayments": 0.00,
        "paidAmount": 4500.00,
        "refundsIssued": 0.00
      }
    },
    {
      "id": "cust-002",
      "customerId": "LWD-2024002",
      "name": "Priya Sharma",
      "email": "priya.sharma@email.com",
      "mobile": "+91 98234 56789",
      "accountCreatedDate": "2024-01-20",
      "lastActivity": "2024-02-10",
      "totalVehicles": 1,
      "totalIncidents": 2,
      "paymentStatus": "pending",
      "vehicleIds": ["veh-003"],
      "incidentIds": ["inc-004", "inc-005"],
      "challanIds": ["ch-005", "ch-006"],
      "financialSummary": {
        "totalSpend": 2800.00,
        "pendingPayments": 1200.00,
        "paidAmount": 1600.00,
        "refundsIssued": 0.00
      }
    },
    {
      "id": "cust-003",
      "customerId": "LWD-2024003",
      "name": "Amit Patel",
      "email": "amit.patel@email.com",
      "mobile": "+91 99876 54321",
      "accountCreatedDate": "2023-11-10",
      "lastActivity": "2024-02-09",
      "totalVehicles": 3,
      "totalIncidents": 5,
      "paymentStatus": "paid",
      "vehicleIds": ["veh-004", "veh-005", "veh-006"],
      "incidentIds": ["inc-006", "inc-007", "inc-008", "inc-009", "inc-010"],
      "challanIds": ["ch-007", "ch-008", "ch-009", "ch-010", "ch-011", "ch-012"],
      "financialSummary": {
        "totalSpend": 8200.00,
        "pendingPayments": 0.00,
        "paidAmount": 8200.00,
        "refundsIssued": 500.00
      }
    },
    {
      "id": "cust-004",
      "customerId": "LWD-2024004",
      "name": "Sneha Reddy",
      "email": "sneha.reddy@email.com",
      "mobile": "+91 97654 32109",
      "accountCreatedDate": "2024-02-01",
      "lastActivity": "2024-02-05",
      "totalVehicles": 1,
      "totalIncidents": 1,
      "paymentStatus": "pending",
      "vehicleIds": ["veh-007"],
      "incidentIds": ["inc-011"],
      "challanIds": ["ch-013"],
      "financialSummary": {
        "totalSpend": 1500.00,
        "pendingPayments": 1500.00,
        "paidAmount": 0.00,
        "refundsIssued": 0.00
      }
    },
    {
      "id": "cust-005",
      "customerId": "LWD-2024005",
      "name": "Vikram Singh",
      "email": "vikram.singh@email.com",
      "mobile": "+91 98123 45678",
      "accountCreatedDate": "2023-12-05",
      "lastActivity": "2024-02-10",
      "totalVehicles": 2,
      "totalIncidents": 4,
      "paymentStatus": "paid",
      "vehicleIds": ["veh-008", "veh-009"],
      "incidentIds": ["inc-012", "inc-013", "inc-014", "inc-015"],
      "challanIds": ["ch-014", "ch-015", "ch-016", "ch-017", "ch-018"],
      "financialSummary": {
        "totalSpend": 6300.00,
        "pendingPayments": 0.00,
        "paidAmount": 6300.00,
        "refundsIssued": 800.00
      }
    },
    {
      "id": "cust-006",
      "customerId": "LWD-2024006",
      "name": "Ananya Desai",
      "email": "ananya.desai@email.com",
      "mobile": "+91 99123 67890",
      "accountCreatedDate": "2024-01-25",
      "lastActivity": "2024-02-07",
      "totalVehicles": 0,
      "totalIncidents": 0,
      "paymentStatus": "paid",
      "vehicleIds": [],
      "incidentIds": [],
      "challanIds": [],
      "financialSummary": {
        "totalSpend": 0.00,
        "pendingPayments": 0.00,
        "paidAmount": 0.00,
        "refundsIssued": 0.00
      }
    },
    {
      "id": "cust-007",
      "customerId": "LWD-2024007",
      "name": "Arjun Mehta",
      "email": "arjun.mehta@email.com",
      "mobile": "+91 98456 78901",
      "accountCreatedDate": "2024-01-12",
      "lastActivity": "2024-02-09",
      "totalVehicles": 1,
      "totalIncidents": 2,
      "paymentStatus": "pending",
      "vehicleIds": ["veh-010"],
      "incidentIds": ["inc-016", "inc-017"],
      "challanIds": ["ch-019", "ch-020", "ch-021"],
      "financialSummary": {
        "totalSpend": 3100.00,
        "pendingPayments": 900.00,
        "paidAmount": 2200.00,
        "refundsIssued": 0.00
      }
    },
    {
      "id": "cust-008",
      "customerId": "LWD-2024008",
      "name": "Neha Kapoor",
      "email": "neha.kapoor@email.com",
      "mobile": "+91 97890 12345",
      "accountCreatedDate": "2023-10-20",
      "lastActivity": "2024-02-10",
      "totalVehicles": 2,
      "totalIncidents": 6,
      "paymentStatus": "paid",
      "vehicleIds": ["veh-011", "veh-012"],
      "incidentIds": ["inc-018", "inc-019", "inc-020", "inc-021", "inc-022", "inc-023"],
      "challanIds": ["ch-022", "ch-023", "ch-024", "ch-025", "ch-026", "ch-027", "ch-028"],
      "financialSummary": {
        "totalSpend": 9800.00,
        "pendingPayments": 0.00,
        "paidAmount": 9800.00,
        "refundsIssued": 1200.00
      }
    }
  ],
  "vehicles": [
    {
      "id": "veh-001",
      "customerId": "cust-001",
      "vehicleNumber": "DL-01-AB-1234",
      "vehicleType": "Car",
      "make": "Maruti Suzuki",
      "model": "Swift",
      "registrationDate": "2020-03-15",
      "status": "active"
    },
    {
      "id": "veh-002",
      "customerId": "cust-001",
      "vehicleNumber": "DL-03-CD-5678",
      "vehicleType": "Bike",
      "make": "Honda",
      "model": "Activa",
      "registrationDate": "2021-07-20",
      "status": "active"
    },
    {
      "id": "veh-003",
      "customerId": "cust-002",
      "vehicleNumber": "MH-02-EF-9012",
      "vehicleType": "Car",
      "make": "Hyundai",
      "model": "i20",
      "registrationDate": "2019-11-05",
      "status": "active"
    },
    {
      "id": "veh-004",
      "customerId": "cust-003",
      "vehicleNumber": "KA-05-GH-3456",
      "vehicleType": "Car",
      "make": "Tata",
      "model": "Nexon",
      "registrationDate": "2022-01-10",
      "status": "active"
    },
    {
      "id": "veh-005",
      "customerId": "cust-003",
      "vehicleNumber": "KA-03-IJ-7890",
      "vehicleType": "Bike",
      "make": "Royal Enfield",
      "model": "Classic 350",
      "registrationDate": "2021-05-15",
      "status": "active"
    },
    {
      "id": "veh-006",
      "customerId": "cust-003",
      "vehicleNumber": "KA-01-KL-2345",
      "vehicleType": "Car",
      "make": "Toyota",
      "model": "Innova",
      "registrationDate": "2018-09-22",
      "status": "active"
    },
    {
      "id": "veh-007",
      "customerId": "cust-004",
      "vehicleNumber": "TN-09-MN-6789",
      "vehicleType": "Bike",
      "make": "Yamaha",
      "model": "FZ",
      "registrationDate": "2020-12-08",
      "status": "active"
    },
    {
      "id": "veh-008",
      "customerId": "cust-005",
      "vehicleNumber": "RJ-14-OP-1234",
      "vehicleType": "Car",
      "make": "Mahindra",
      "model": "XUV700",
      "registrationDate": "2023-02-18",
      "status": "active"
    },
    {
      "id": "veh-009",
      "customerId": "cust-005",
      "vehicleNumber": "RJ-01-QR-5678",
      "vehicleType": "Car",
      "make": "Honda",
      "model": "City",
      "registrationDate": "2019-06-30",
      "status": "active"
    },
    {
      "id": "veh-010",
      "customerId": "cust-007",
      "vehicleNumber": "UP-16-ST-9012",
      "vehicleType": "Bike",
      "make": "Bajaj",
      "model": "Pulsar",
      "registrationDate": "2021-03-25",
      "status": "active"
    },
    {
      "id": "veh-011",
      "customerId": "cust-008",
      "vehicleNumber": "WB-02-UV-3456",
      "vehicleType": "Car",
      "make": "Volkswagen",
      "model": "Polo",
      "registrationDate": "2020-08-12",
      "status": "active"
    },
    {
      "id": "veh-012",
      "customerId": "cust-008",
      "vehicleNumber": "WB-06-WX-7890",
      "vehicleType": "Bike",
      "make": "Suzuki",
      "model": "Gixxer",
      "registrationDate": "2022-04-05",
      "status": "active"
    }
  ],
  "incidents": [
    {
      "id": "inc-001",
      "incidentId": "INC-2024-001",
      "customerId": "cust-001",
      "vehicleId": "veh-001",
      "vehicleNumber": "DL-01-AB-1234",
      "incidentType": "Traffic Violation",
      "status": "resolved",
      "tatProgress": 100,
      "outcome": "Successfully resolved - challan dismissed",
      "createdDate": "2024-01-20",
      "resolvedDate": "2024-01-28"
    },
    {
      "id": "inc-002",
      "incidentId": "INC-2024-002",
      "customerId": "cust-001",
      "vehicleId": "veh-002",
      "vehicleNumber": "DL-03-CD-5678",
      "incidentType": "Parking Violation",
      "status": "resolved",
      "tatProgress": 100,
      "outcome": "Payment processed - case closed",
      "createdDate": "2024-01-25",
      "resolvedDate": "2024-02-02"
    },
    {
      "id": "inc-003",
      "incidentId": "INC-2024-003",
      "customerId": "cust-001",
      "vehicleId": "veh-001",
      "vehicleNumber": "DL-01-AB-1234",
      "incidentType": "Speed Violation",
      "status": "in-progress",
      "tatProgress": 60,
      "outcome": "Under review by lawyer",
      "createdDate": "2024-02-05",
      "resolvedDate": null
    },
    {
      "id": "inc-004",
      "incidentId": "INC-2024-004",
      "customerId": "cust-002",
      "vehicleId": "veh-003",
      "vehicleNumber": "MH-02-EF-9012",
      "incidentType": "Red Light Violation",
      "status": "resolved",
      "tatProgress": 100,
      "outcome": "Successfully resolved - challan dismissed",
      "createdDate": "2024-01-22",
      "resolvedDate": "2024-01-30"
    },
    {
      "id": "inc-005",
      "incidentId": "INC-2024-005",
      "customerId": "cust-002",
      "vehicleId": "veh-003",
      "vehicleNumber": "MH-02-EF-9012",
      "incidentType": "Wrong Parking",
      "status": "assigned",
      "tatProgress": 40,
      "outcome": "Assigned to lawyer",
      "createdDate": "2024-02-08",
      "resolvedDate": null
    },
    {
      "id": "inc-006",
      "incidentId": "INC-2023-045",
      "customerId": "cust-003",
      "vehicleId": "veh-004",
      "vehicleNumber": "KA-05-GH-3456",
      "incidentType": "Speed Violation",
      "status": "resolved",
      "tatProgress": 100,
      "outcome": "Payment processed - case closed",
      "createdDate": "2023-12-01",
      "resolvedDate": "2023-12-15"
    },
    {
      "id": "inc-007",
      "incidentId": "INC-2024-006",
      "customerId": "cust-003",
      "vehicleId": "veh-005",
      "vehicleNumber": "KA-03-IJ-7890",
      "incidentType": "Helmet Violation",
      "status": "resolved",
      "tatProgress": 100,
      "outcome": "Successfully resolved - challan dismissed",
      "createdDate": "2024-01-10",
      "resolvedDate": "2024-01-20"
    },
    {
      "id": "inc-008",
      "incidentId": "INC-2024-007",
      "customerId": "cust-003",
      "vehicleId": "veh-006",
      "vehicleNumber": "KA-01-KL-2345",
      "incidentType": "Traffic Violation",
      "status": "resolved",
      "tatProgress": 100,
      "outcome": "Payment processed - case closed",
      "createdDate": "2024-01-15",
      "resolvedDate": "2024-01-25"
    },
    {
      "id": "inc-009",
      "incidentId": "INC-2024-008",
      "customerId": "cust-003",
      "vehicleId": "veh-004",
      "vehicleNumber": "KA-05-GH-3456",
      "incidentType": "Parking Violation",
      "status": "refunded",
      "tatProgress": 100,
      "outcome": "Unable to resolve - refund issued",
      "createdDate": "2024-01-28",
      "resolvedDate": "2024-02-05"
    },
    {
      "id": "inc-010",
      "incidentId": "INC-2024-009",
      "customerId": "cust-003",
      "vehicleId": "veh-005",
      "vehicleNumber": "KA-03-IJ-7890",
      "incidentType": "Signal Jump",
      "status": "in-progress",
      "tatProgress": 75,
      "outcome": "Final review pending",
      "createdDate": "2024-02-01",
      "resolvedDate": null
    },
    {
      "id": "inc-011",
      "incidentId": "INC-2024-010",
      "customerId": "cust-004",
      "vehicleId": "veh-007",
      "vehicleNumber": "TN-09-MN-6789",
      "incidentType": "Speed Violation",
      "status": "pending",
      "tatProgress": 10,
      "outcome": "Awaiting screening",
      "createdDate": "2024-02-02",
      "resolvedDate": null
    },
    {
      "id": "inc-012",
      "incidentId": "INC-2023-050",
      "customerId": "cust-005",
      "vehicleId": "veh-008",
      "vehicleNumber": "RJ-14-OP-1234",
      "incidentType": "Traffic Violation",
      "status": "resolved",
      "tatProgress": 100,
      "outcome": "Successfully resolved - challan dismissed",
      "createdDate": "2023-12-10",
      "resolvedDate": "2023-12-22"
    },
    {
      "id": "inc-013",
      "incidentId": "INC-2024-011",
      "customerId": "cust-005",
      "vehicleId": "veh-009",
      "vehicleNumber": "RJ-01-QR-5678",
      "incidentType": "Parking Violation",
      "status": "resolved",
      "tatProgress": 100,
      "outcome": "Payment processed - case closed",
      "createdDate": "2024-01-05",
      "resolvedDate": "2024-01-15"
    },
    {
      "id": "inc-014",
      "incidentId": "INC-2024-012",
      "customerId": "cust-005",
      "vehicleId": "veh-008",
      "vehicleNumber": "RJ-14-OP-1234",
      "incidentType": "Speed Violation",
      "status": "refunded",
      "tatProgress": 100,
      "outcome": "Unable to resolve - refund issued",
      "createdDate": "2024-01-20",
      "resolvedDate": "2024-02-01"
    },
    {
      "id": "inc-015",
      "incidentId": "INC-2024-013",
      "customerId": "cust-005",
      "vehicleId": "veh-009",
      "vehicleNumber": "RJ-01-QR-5678",
      "incidentType": "Red Light Violation",
      "status": "resolved",
      "tatProgress": 100,
      "outcome": "Successfully resolved - challan dismissed",
      "createdDate": "2024-02-03",
      "resolvedDate": "2024-02-09"
    },
    {
      "id": "inc-016",
      "incidentId": "INC-2024-014",
      "customerId": "cust-007",
      "vehicleId": "veh-010",
      "vehicleNumber": "UP-16-ST-9012",
      "incidentType": "Helmet Violation",
      "status": "resolved",
      "tatProgress": 100,
      "outcome": "Payment processed - case closed",
      "createdDate": "2024-01-18",
      "resolvedDate": "2024-01-28"
    },
    {
      "id": "inc-017",
      "incidentId": "INC-2024-015",
      "customerId": "cust-007",
      "vehicleId": "veh-010",
      "vehicleNumber": "UP-16-ST-9012",
      "incidentType": "Wrong Parking",
      "status": "assigned",
      "tatProgress": 50,
      "outcome": "Under lawyer review",
      "createdDate": "2024-02-06",
      "resolvedDate": null
    },
    {
      "id": "inc-018",
      "incidentId": "INC-2023-038",
      "customerId": "cust-008",
      "vehicleId": "veh-011",
      "vehicleNumber": "WB-02-UV-3456",
      "incidentType": "Speed Violation",
      "status": "resolved",
      "tatProgress": 100,
      "outcome": "Successfully resolved - challan dismissed",
      "createdDate": "2023-11-15",
      "resolvedDate": "2023-11-28"
    },
    {
      "id": "inc-019",
      "incidentId": "INC-2023-042",
      "customerId": "cust-008",
      "vehicleId": "veh-012",
      "vehicleNumber": "WB-06-WX-7890",
      "incidentType": "Helmet Violation",
      "status": "resolved",
      "tatProgress": 100,
      "outcome": "Payment processed - case closed",
      "createdDate": "2023-12-02",
      "resolvedDate": "2023-12-12"
    },
    {
      "id": "inc-020",
      "incidentId": "INC-2024-016",
      "customerId": "cust-008",
      "vehicleId": "veh-011",
      "vehicleNumber": "WB-02-UV-3456",
      "incidentType": "Traffic Violation",
      "status": "resolved",
      "tatProgress": 100,
      "outcome": "Successfully resolved - challan dismissed",
      "createdDate": "2024-01-08",
      "resolvedDate": "2024-01-18"
    },
    {
      "id": "inc-021",
      "incidentId": "INC-2024-017",
      "customerId": "cust-008",
      "vehicleId": "veh-012",
      "vehicleNumber": "WB-06-WX-7890",
      "incidentType": "Signal Jump",
      "status": "refunded",
      "tatProgress": 100,
      "outcome": "Unable to resolve - refund issued",
      "createdDate": "2024-01-22",
      "resolvedDate": "2024-02-02"
    },
    {
      "id": "inc-022",
      "incidentId": "INC-2024-018",
      "customerId": "cust-008",
      "vehicleId": "veh-011",
      "vehicleNumber": "WB-02-UV-3456",
      "incidentType": "Parking Violation",
      "status": "resolved",
      "tatProgress": 100,
      "outcome": "Payment processed - case closed",
      "createdDate": "2024-02-01",
      "resolvedDate": "2024-02-08"
    },
    {
      "id": "inc-023",
      "incidentId": "INC-2024-019",
      "customerId": "cust-008",
      "vehicleId": "veh-012",
      "vehicleNumber": "WB-06-WX-7890",
      "incidentType": "Speed Violation",
      "status": "in-progress",
      "tatProgress": 65,
      "outcome": "Under lawyer review",
      "createdDate": "2024-02-07",
      "resolvedDate": null
    }
  ],
  "challans": [
    {
      "id": "ch-001",
      "challanId": "CH-DL-2024-0123",
      "incidentId": "inc-001",
      "vehicleId": "veh-001",
      "vehicleNumber": "DL-01-AB-1234",
      "challanType": "Over-speeding",
      "amount": 1500.00,
      "paymentStatus": "paid",
      "resolutionState": "dismissed",
      "issuedDate": "2024-01-18",
      "dueDate": "2024-02-18"
    },
    {
      "id": "ch-002",
      "challanId": "CH-DL-2024-0156",
      "incidentId": "inc-002",
      "vehicleId": "veh-002",
      "vehicleNumber": "DL-03-CD-5678",
      "challanType": "Wrong Parking",
      "amount": 500.00,
      "paymentStatus": "paid",
      "resolutionState": "paid",
      "issuedDate": "2024-01-23",
      "dueDate": "2024-02-23"
    },
    {
      "id": "ch-003",
      "challanId": "CH-DL-2024-0189",
      "incidentId": "inc-003",
      "vehicleId": "veh-001",
      "vehicleNumber": "DL-01-AB-1234",
      "challanType": "Over-speeding",
      "amount": 2000.00,
      "paymentStatus": "pending",
      "resolutionState": "in-review",
      "issuedDate": "2024-02-03",
      "dueDate": "2024-03-03"
    },
    {
      "id": "ch-004",
      "challanId": "CH-DL-2024-0190",
      "incidentId": "inc-003",
      "vehicleId": "veh-001",
      "vehicleNumber": "DL-01-AB-1234",
      "challanType": "Lane Violation",
      "amount": 1000.00,
      "paymentStatus": "pending",
      "resolutionState": "in-review",
      "issuedDate": "2024-02-03",
      "dueDate": "2024-03-03"
    },
    {
      "id": "ch-005",
      "challanId": "CH-MH-2024-0234",
      "incidentId": "inc-004",
      "vehicleId": "veh-003",
      "vehicleNumber": "MH-02-EF-9012",
      "challanType": "Signal Jump",
      "amount": 1200.00,
      "paymentStatus": "paid",
      "resolutionState": "dismissed",
      "issuedDate": "2024-01-20",
      "dueDate": "2024-02-20"
    },
    {
      "id": "ch-006",
      "challanId": "CH-MH-2024-0267",
      "incidentId": "inc-005",
      "vehicleId": "veh-003",
      "vehicleNumber": "MH-02-EF-9012",
      "challanType": "Wrong Parking",
      "amount": 800.00,
      "paymentStatus": "pending",
      "resolutionState": "assigned",
      "issuedDate": "2024-02-06",
      "dueDate": "2024-03-06"
    },
    {
      "id": "ch-007",
      "challanId": "CH-KA-2023-1045",
      "incidentId": "inc-006",
      "vehicleId": "veh-004",
      "vehicleNumber": "KA-05-GH-3456",
      "challanType": "Over-speeding",
      "amount": 1800.00,
      "paymentStatus": "paid",
      "resolutionState": "paid",
      "issuedDate": "2023-11-28",
      "dueDate": "2023-12-28"
    },
    {
      "id": "ch-008",
      "challanId": "CH-KA-2024-0045",
      "incidentId": "inc-007",
      "vehicleId": "veh-005",
      "vehicleNumber": "KA-03-IJ-7890",
      "challanType": "No Helmet",
      "amount": 500.00,
      "paymentStatus": "paid",
      "resolutionState": "dismissed",
      "issuedDate": "2024-01-08",
      "dueDate": "2024-02-08"
    },
    {
      "id": "ch-009",
      "challanId": "CH-KA-2024-0056",
      "incidentId": "inc-008",
      "vehicleId": "veh-006",
      "vehicleNumber": "KA-01-KL-2345",
      "challanType": "Lane Violation",
      "amount": 1000.00,
      "paymentStatus": "paid",
      "resolutionState": "paid",
      "issuedDate": "2024-01-13",
      "dueDate": "2024-02-13"
    },
    {
      "id": "ch-010",
      "challanId": "CH-KA-2024-0078",
      "incidentId": "inc-009",
      "vehicleId": "veh-004",
      "vehicleNumber": "KA-05-GH-3456",
      "challanType": "Wrong Parking",
      "amount": 600.00,
      "paymentStatus": "refunded",
      "resolutionState": "refunded",
      "issuedDate": "2024-01-26",
      "dueDate": "2024-02-26"
    },
    {
      "id": "ch-011",
      "challanId": "CH-KA-2024-0089",
      "incidentId": "inc-010",
      "vehicleId": "veh-005",
      "vehicleNumber": "KA-03-IJ-7890",
      "challanType": "Signal Jump",
      "amount": 1500.00,
      "paymentStatus": "pending",
      "resolutionState": "in-review",
      "issuedDate": "2024-01-30",
      "dueDate": "2024-03-01"
    },
    {
      "id": "ch-012",
      "challanId": "CH-KA-2024-0090",
      "incidentId": "inc-010",
      "vehicleId": "veh-005",
      "vehicleNumber": "KA-03-IJ-7890",
      "challanType": "Over-speeding",
      "amount": 2000.00,
      "paymentStatus": "pending",
      "resolutionState": "in-review",
      "issuedDate": "2024-01-30",
      "dueDate": "2024-03-01"
    },
    {
      "id": "ch-013",
      "challanId": "CH-TN-2024-0123",
      "incidentId": "inc-011",
      "vehicleId": "veh-007",
      "vehicleNumber": "TN-09-MN-6789",
      "challanType": "Over-speeding",
      "amount": 1500.00,
      "paymentStatus": "pending",
      "resolutionState": "pending",
      "issuedDate": "2024-01-31",
      "dueDate": "2024-02-09"
    },
    {
      "id": "ch-014",
      "challanId": "CH-RJ-2023-0890",
      "incidentId": "inc-012",
      "vehicleId": "veh-008",
      "vehicleNumber": "RJ-14-OP-1234",
      "challanType": "Lane Violation",
      "amount": 1000.00,
      "paymentStatus": "paid",
      "resolutionState": "dismissed",
      "issuedDate": "2023-12-08",
      "dueDate": "2024-01-08"
    },
    {
      "id": "ch-015",
      "challanId": "CH-RJ-2024-0023",
      "incidentId": "inc-013",
      "vehicleId": "veh-009",
      "vehicleNumber": "RJ-01-QR-5678",
      "challanType": "Wrong Parking",
      "amount": 700.00,
      "paymentStatus": "paid",
      "resolutionState": "paid",
      "issuedDate": "2024-01-03",
      "dueDate": "2024-02-03"
    },
    {
      "id": "ch-016",
      "challanId": "CH-RJ-2024-0045",
      "incidentId": "inc-014",
      "vehicleId": "veh-008",
      "vehicleNumber": "RJ-14-OP-1234",
      "challanType": "Over-speeding",
      "amount": 1800.00,
      "paymentStatus": "refunded",
      "resolutionState": "refunded",
      "issuedDate": "2024-01-18",
      "dueDate": "2024-02-18"
    },
    {
      "id": "ch-017",
      "challanId": "CH-RJ-2024-0067",
      "incidentId": "inc-015",
      "vehicleId": "veh-009",
      "vehicleNumber": "RJ-01-QR-5678",
      "challanType": "Signal Jump",
      "amount": 1300.00,
      "paymentStatus": "paid",
      "resolutionState": "dismissed",
      "issuedDate": "2024-02-01",
      "dueDate": "2024-03-01"
    },
    {
      "id": "ch-018",
      "challanId": "CH-RJ-2024-0068",
      "incidentId": "inc-015",
      "vehicleId": "veh-009",
      "vehicleNumber": "RJ-01-QR-5678",
      "challanType": "Lane Violation",
      "amount": 900.00,
      "paymentStatus": "paid",
      "resolutionState": "dismissed",
      "issuedDate": "2024-02-01",
      "dueDate": "2024-03-01"
    },
    {
      "id": "ch-019",
      "challanId": "CH-UP-2024-0134",
      "incidentId": "inc-016",
      "vehicleId": "veh-010",
      "vehicleNumber": "UP-16-ST-9012",
      "challanType": "No Helmet",
      "amount": 500.00,
      "paymentStatus": "paid",
      "resolutionState": "paid",
      "issuedDate": "2024-01-16",
      "dueDate": "2024-02-16"
    },
    {
      "id": "ch-020",
      "challanId": "CH-UP-2024-0156",
      "incidentId": "inc-017",
      "vehicleId": "veh-010",
      "vehicleNumber": "UP-16-ST-9012",
      "challanType": "Wrong Parking",
      "amount": 600.00,
      "paymentStatus": "pending",
      "resolutionState": "assigned",
      "issuedDate": "2024-02-04",
      "dueDate": "2024-03-04"
    },
    {
      "id": "ch-021",
      "challanId": "CH-UP-2024-0157",
      "incidentId": "inc-017",
      "vehicleId": "veh-010",
      "vehicleNumber": "UP-16-ST-9012",
      "challanType": "Lane Violation",
      "amount": 800.00,
      "paymentStatus": "pending",
      "resolutionState": "assigned",
      "issuedDate": "2024-02-04",
      "dueDate": "2024-03-04"
    },
    {
      "id": "ch-022",
      "challanId": "CH-WB-2023-0789",
      "incidentId": "inc-018",
      "vehicleId": "veh-011",
      "vehicleNumber": "WB-02-UV-3456",
      "challanType": "Over-speeding",
      "amount": 1700.00,
      "paymentStatus": "paid",
      "resolutionState": "dismissed",
      "issuedDate": "2023-11-13",
      "dueDate": "2023-12-13"
    },
    {
      "id": "ch-023",
      "challanId": "CH-WB-2023-0856",
      "incidentId": "inc-019",
      "vehicleId": "veh-012",
      "vehicleNumber": "WB-06-WX-7890",
      "challanType": "No Helmet",
      "amount": 500.00,
      "paymentStatus": "paid",
      "resolutionState": "paid",
      "issuedDate": "2023-11-30",
      "dueDate": "2023-12-30"
    },
    {
      "id": "ch-024",
      "challanId": "CH-WB-2024-0023",
      "incidentId": "inc-020",
      "vehicleId": "veh-011",
      "vehicleNumber": "WB-02-UV-3456",
      "challanType": "Lane Violation",
      "amount": 1100.00,
      "paymentStatus": "paid",
      "resolutionState": "dismissed",
      "issuedDate": "2024-01-06",
      "dueDate": "2024-02-06"
    },
    {
      "id": "ch-025",
      "challanId": "CH-WB-2024-0045",
      "incidentId": "inc-021",
      "vehicleId": "veh-012",
      "vehicleNumber": "WB-06-WX-7890",
      "challanType": "Signal Jump",
      "amount": 1500.00,
      "paymentStatus": "refunded",
      "resolutionState": "refunded",
      "issuedDate": "2024-01-20",
      "dueDate": "2024-02-20"
    },
    {
      "id": "ch-026",
      "challanId": "CH-WB-2024-0067",
      "incidentId": "inc-022",
      "vehicleId": "veh-011",
      "vehicleNumber": "WB-02-UV-3456",
      "challanType": "Wrong Parking",
      "amount": 600.00,
      "paymentStatus": "paid",
      "resolutionState": "paid",
      "issuedDate": "2024-01-30",
      "dueDate": "2024-03-01"
    },
    {
      "id": "ch-027",
      "challanId": "CH-WB-2024-0089",
      "incidentId": "inc-023",
      "vehicleId": "veh-012",
      "vehicleNumber": "WB-06-WX-7890",
      "challanType": "Over-speeding",
      "amount": 1800.00,
      "paymentStatus": "pending",
      "resolutionState": "in-review",
      "issuedDate": "2024-02-05",
      "dueDate": "2024-03-05"
    },
    {
      "id": "ch-028",
      "challanId": "CH-WB-2024-0090",
      "incidentId": "inc-023",
      "vehicleId": "veh-012",
      "vehicleNumber": "WB-06-WX-7890",
      "challanType": "Lane Violation",
      "amount": 1000.00,
      "paymentStatus": "pending",
      "resolutionState": "in-review",
      "issuedDate": "2024-02-05",
      "dueDate": "2024-03-05"
    }
  ],
  "activityLogs": [
    {
      "id": "log-001",
      "customerId": "cust-001",
      "timestamp": "2024-01-15T10:30:00Z",
      "action": "Account Created",
      "description": "Customer account created",
      "performedBy": "System"
    },
    {
      "id": "log-002",
      "customerId": "cust-001",
      "timestamp": "2024-01-15T10:35:00Z",
      "action": "Vehicle Added",
      "description": "Added vehicle DL-01-AB-1234",
      "performedBy": "Rajesh Kumar"
    },
    {
      "id": "log-003",
      "customerId": "cust-001",
      "timestamp": "2024-01-16T09:20:00Z",
      "action": "Vehicle Added",
      "description": "Added vehicle DL-03-CD-5678",
      "performedBy": "Rajesh Kumar"
    },
    {
      "id": "log-004",
      "customerId": "cust-001",
      "timestamp": "2024-01-20T14:45:00Z",
      "action": "Incident Created",
      "description": "Created incident INC-2024-001 for vehicle DL-01-AB-1234",
      "performedBy": "System"
    },
    {
      "id": "log-005",
      "customerId": "cust-001",
      "timestamp": "2024-01-28T16:20:00Z",
      "action": "Incident Resolved",
      "description": "Incident INC-2024-001 resolved - challan dismissed",
      "performedBy": "Lawyer - Advocate Sharma"
    },
    {
      "id": "log-006",
      "customerId": "cust-002",
      "timestamp": "2024-01-20T11:00:00Z",
      "action": "Account Created",
      "description": "Customer account created",
      "performedBy": "System"
    },
    {
      "id": "log-007",
      "customerId": "cust-002",
      "timestamp": "2024-01-20T11:05:00Z",
      "action": "Vehicle Added",
      "description": "Added vehicle MH-02-EF-9012",
      "performedBy": "Priya Sharma"
    },
    {
      "id": "log-008",
      "customerId": "cust-002",
      "timestamp": "2024-02-10T09:30:00Z",
      "action": "Profile Updated",
      "description": "Updated contact information",
      "performedBy": "Support - Anil Kumar"
    },
    {
      "id": "log-009",
      "customerId": "cust-003",
      "timestamp": "2023-11-10T15:30:00Z",
      "action": "Account Created",
      "description": "Customer account created",
      "performedBy": "System"
    },
    {
      "id": "log-010",
      "customerId": "cust-003",
      "timestamp": "2024-02-05T10:15:00Z",
      "action": "Refund Issued",
      "description": "Refund of ₹500 issued for incident INC-2024-008",
      "performedBy": "Finance - Meera Singh"
    },
    {
      "id": "log-011",
      "customerId": "cust-004",
      "timestamp": "2024-02-01T12:00:00Z",
      "action": "Account Created",
      "description": "Customer account created",
      "performedBy": "System"
    },
    {
      "id": "log-012",
      "customerId": "cust-004",
      "timestamp": "2024-02-05T14:30:00Z",
      "action": "Payment Reminder Sent",
      "description": "Payment reminder sent for overdue amount",
      "performedBy": "System"
    },
    {
      "id": "log-013",
      "customerId": "cust-006",
      "timestamp": "2024-01-25T13:00:00Z",
      "action": "Account Created",
      "description": "Customer account created",
      "performedBy": "System"
    },
    {
      "id": "log-014",
      "customerId": "cust-008",
      "timestamp": "2024-02-10T11:45:00Z",
      "action": "Incident Status Updated",
      "description": "Incident INC-2024-019 status updated to in-progress",
      "performedBy": "Lawyer - Advocate Verma"
    }
  ]
}
